Firstname,Surname,Gender,Age,Group,Sports,Clubs
Michael,Joseph,Male,21,1,"Athletics","AISEC"
John,Smith,Male,20,2,"Rugby","Journalism Club"
Emily,Johnson,Female,19,3,"Soccer","Business Club"
Daniel,Williams,Male,18,1,"Swimming","Computer Science Club"
Sarah,Brown,Female,21,2,"Athletics","Red Cross Society"
James,Jones,Male,20,3,"Rugby","AISEC"
Emma,Davis,Female,19,1,"Swimming","Journalism Club"
Alexander,Miller,Male,18,2,"Athletics","Business Club"
Olivia,Wilson,Female,21,3,"Soccer","Computer Science Club"
William,Moore,Male,20,1,"Swimming","Red Cross Society"
Sophia,Taylor,Female,19,2,"Rugby","AISEC"
David,Anderson,Male,18,3,"Athletics","Journalism Club"
Isabella,Thompson,Female,21,1,"Soccer","Business Club"
Matthew,White,Male,20,2,"Swimming","Computer Science Club"
Ava,Harris,Female,19,3,"Rugby","Red Cross Society"
Ryan,Martin,Male,18,1,"Athletics","AISEC"
Grace,Garcia,Female,21,2,"Swimming","Journalism Club"
Logan,Martinez,Male,20,3,"Soccer","Business Club"
Ella,Robinson,Female,19,1,"Rugby","Computer Science Club"
Nathan,Clark,Male,18,2,"Athletics","Red Cross Society"
Lily,Rodriguez,Female,21,3,"Swimming","AISEC"
Christopher,Lewis,Male,20,1,"Soccer","Journalism Club"
Mia,Lee,Female,19,2,"Athletics","Business Club"
Jacob,Walker,Male,18,3,"Swimming","Computer Science Club"
Sophie,Hall,Female,21,1,"Rugby","Red Cross Society"
Benjamin,Allen,Male,20,2,"Athletics","AISEC"
Chloe,Young,Female,19,3,"Soccer","Journalism Club"
Ethan,Hernandez,Male,18,1,"Swimming","Business Club"
Madison,King,Female,21,2,"Rugby","Computer Science Club"
Joshua,Wright,Male,20,3,"Athletics","Red Cross Society"
Avery,Green,Female,19,1,"Swimming","AISEC"
Gabriel,Hill,Male,18,2,"Soccer","Journalism Club"
Harper,Adams,Female,21,3,"Athletics","Business Club"
Tyler,Campbell,Male,20,1,"Swimming","Computer Science Club"
Aria,Baker,Female,19,2,"Rugby","Red Cross Society"
Jack,Perez,Male,18,3,"Athletics","AISEC"
Elizabeth,Nelson,Female,21,1,"Soccer","Journalism Club"
Luke,Gonzalez,Male,20,2,"Swimming","Business Club"
Addison,Carter,Female,19,3,"Rugby","Computer Science Club"
Michaela,Morris,Male,18,1,"Athletics","Red Cross Society"
Connor,Hall,Female,21,2,"Swimming","AISEC"
Victoria,Ramirez,Male,20,3,"Soccer","Journalism Club"
Jackson,Kelly,Female,19,1,"Athletics","Business Club"
Zoe,Bailey,Male,18,2,"Swimming","Computer Science Club"
Daniel,Evans,Female,21,3,"Rugby","Red Cross Society"
Kaylee,Howard,Male,20,1,"Athletics","AISEC"
Christian,Ward,Female,19,2,"Soccer","Journalism Club"
Evelyn,Cruz,Male,18,3,"Swimming","Business Club"
Gabriella,Sullivan,Female,21,1,"Rugby","Computer Science Club"
Andrew,Long,Male,20,2,"Athletics","Red Cross Society"
Liam,Foster,Female,19,3,"Swimming","AISEC"
Hannah,Murphy,Male,18,1,"Soccer","Journalism Club"
Madeline,Perry,Female,21,2,"Athletics","Business Club"
Nicholas,Ross,Male,20,3,"Swimming","Computer Science Club"
Claire,Bell,Female,19,1,"Rugby","Red Cross Society"
Robert,Cooper,Male,18,2,"Athletics","AISEC"
Stella,Ward,Female,21,3,"Soccer","Journalism Club"
Patrick,Morris,Male,20,1,"Swimming","Business Club"
Brooklyn,Peterson,Female,19,2,"Rugby","Computer Science Club"
Grayson,Morgan,Male,18,3,"Athletics","Red Cross Society"
Hailey,James,Female,21,1,"Swimming","AISEC"
Owen,Reed,Male,20,2,"Soccer","Journalism Club"
Julia,Hughes,Female,19,3,"Athletics","Business Club"
Gabriel,Turner,Male,18,1,"Swimming","Computer Science Club"
Ellie,Wood,Female,21,2,"Rugby","Red Cross Society"
Zachary,Price,Male,20,3,"Athletics","AISEC"
Savannah,Bennett,Female,19,1,"Soccer","Journalism Club"
Jackson,Gomez,Male,18,2,"Swimming","Business Club"
Peyton,Diaz,Female,21,3,"Rugby","Computer Science Club"
Emma,Cook,Male,20,1,"Athletics","Red Cross Society"
Lucas,Rivera,Female,19,2,"Swimming","AISEC"
Aubrey,Hill,Male,18,3,"Soccer","Journalism Club"
Maya,Bailey,Female,21,1,"Athletics","Business Club"
Dominic,Henderson,Male,20,2,"Swimming","Computer Science Club"
Anna,Flores,Female,19,3,"Rugby","Red Cross Society"
Henry,Simmons,Male,18,1,"Athletics","AISEC"
Sophie,Foster,Female,21,2,"Soccer","Journalism Club"
Eliana,Gonzalez,Male,20,3,"Swimming","Business Club"
Cole,Myers,Female,19,1,"Rugby","Computer Science Club"
Isaac,Brooks,Male,18,2,"Athletics","Red Cross Society"
Natalie,Sanders,Female,21,3,"Swimming","AISEC"
Caleb,Hamilton,Male,20,1,"Soccer","Journalism Club"
Violet,Harrison,Female,19,2,"Athletics","Business Club"
Hunter,Washington,Male,18,3,"Swimming","Computer Science Club"
Caroline,Grant,Female,21,1,"Rugby","Red Cross Society"
Jason,West,Male,20,2,"Athletics","AISEC"
Leah,Johnston,Female,19,3,"Soccer","Journalism Club"
Thomas,Gordon,Male,18,1,"Swimming","Business Club"
Lillian,Barnes,Female,21,2,"Rugby","Computer Science Club"
Alexis,Fisher,Male,20,3,"Athletics","Red Cross Society"
Brayden,Sullivan,Female,19,1,"Swimming","AISEC"
Charlotte,Butler,Male,18,2,"Soccer","Journalism Club"
Aaron,Cole,Female,21,3,"Athletics","Business Club"
Amelia,Wagner,Male,20,1,"Swimming","Computer Science Club"
Julian,Bishop,Female,19,2,"Rugby","Red Cross Society"
Samantha,West,Male,18,3,"Athletics","AISEC"
Gavin,Jackson,Female,21,1,"Soccer","Journalism Club"
Abigail,Watson,Male,20,2,"Swimming","Business Club"
Bryce,Parker,Female,19,3,"Rugby","Computer Science Club"
Camila,Gibson,Male,18,1,"Athletics","Red Cross Society"
Chase,Burns,Female,21,2,"Swimming","AISEC"
Liam,Russell,Male,20,3,"Soccer","Journalism Club"
Emma,Phillips,Female,19,1,"Athletics","Business Club"
Ethan,Griffin,Male,18,2,"Swimming","Computer Science Club"
Mila,Wallace,Female,21,3,"Rugby","Red Cross Society"
Henry,Hayes,Male,20,1,"Athletics","AISEC"
Alyssa,Collins,Female,19,2,"Soccer","Journalism Club"
Giovanni,Edwards,Male,18,3,"Swimming","Business Club"
Sophie,Hansen,Female,21,1,"Rugby","Computer Science Club"
Anthony,Murray,Male,20,2,"Athletics","Red Cross Society"
Hazel,Sullivan,Female,19,3,"Swimming","AISEC"
Xavier,Howard,Male,18,1,"Soccer","Journalism Club"
Ruby,Stephens,Female,21,2,"Athletics","Business Club"
Mason,Stewart,Male,20,3,"Swimming","Computer Science Club"
Levi,Bryant,Female,19,1,"Rugby","Red Cross Society"
Aurora,Mendez,Male,18,2,"Athletics","AISEC"
Nora,Crawford,Female,21,3,"Soccer","Journalism Club"
Colton,Salazar,Male,20,1,"Swimming","Business Club"
Elena,Peters,Female,19,2,"Rugby","Computer Science Club"
Joel,Reyes,Male,18,3,"Athletics","Red Cross Society"
Valentina,Weaver,Female,21,1,"Swimming","AISEC"
Dominick,Hayden,Male,20,2,"Soccer","Journalism Club"
Lucy,Gardner,Female,19,3,"Athletics","Business Club"
Riley,Mendoza,Male,18,1,"Swimming","Computer Science Club"
Piper,Jefferson,Female,21,2,"Rugby","Red Cross Society"
Jaxon,Cameron,Male,20,3,"Athletics","AISEC"
Makayla,Parsons,Female,19,1,"Soccer","Journalism Club"
Timothy,Ortega,Male,18,2,"Swimming","Business Club"
Juliana,Nguyen,Female,21,3,"Rugby","Computer Science Club"
Maximilian,Flores,Male,20,1,"Athletics","Red Cross Society"
Harmony,McDonald,Female,19,2,"Swimming","AISEC"
Jesse,Gonzales,Male,18,3,"Soccer","Journalism Club"
Brooke,Guerrero,Female,21,1,"Athletics","Business Club"
Bennett,Bowman,Male,20,2,"Swimming","Computer Science Club"
Hailey,Garrett,Female,19,3,"Rugby","Red Cross Society"
Joel,Figueroa,Male,18,1,"Athletics","AISEC"
Kylie,Holland,Female,21,2,"Soccer","Journalism Club"
Emmett,Payne,Male,20,3,"Swimming","Business Club"
Adeline,Watkins,Female,19,1,"Rugby","Computer Science Club"
Preston,Newton,Male,18,2,"Athletics","Red Cross Society"
Ivy,Welch,Female,21,3,"Swimming","AISEC"
Asher,Lawson,Male,20,1,"Soccer","Journalism Club"
Amaya,Dean,Female,19,2,"Athletics","Business Club"
Kingston,Bates,Male,18,3,"Swimming","Computer Science Club"
Luna,Hendrix,Female,21,1,"Rugby","Red Cross Society"
Joey,Hoffman,Male,20,2,"Athletics","AISEC"
Angelina,Pierce,Female,19,3,"Soccer","Journalism Club"
Sawyer,Pratt,Male,18,1,"Swimming","Business Club"
Weston,Atkinson,Male,18,3,"Athletics","AISEC"
Reagan,Pitts,Female,21,1,"Soccer","Journalism Club"